,USER_ID,ITEM_ID,TIMESTAMP,category
0,1,196884295227,1643155200,spirituality
1,1,198422084797,1635681600,sports-and-fitness
2,1,211222230377,1639175400,sports-and-fitness
3,1,202562589157,1643547600,sports-and-fitness
4,1,200095640447,1639092600,charity-and-causes
5,1,182162231137,1638732600,spirituality
6,1,87451627171,1578754800,sports-and-fitness
7,1,211870750117,1638628218,charity-and-causes
8,1,208790196097,1639087200,charity-and-causes
9,1,215214661847,1638399600,sports-and-fitness
10,1,143798658659,1648504800,charity-and-causes
11,1,169362988257,1632519900,spirituality
12,2,161273640801,1624964400,business
13,2,215763172457,1638644400,fashion
14,2,204552751787,1638028800,fashion
15,2,191513380677,1643846400,charity-and-causes
16,2,176795138017,1640044800,business
17,2,99239448863,1583953200,business
18,2,215810012557,1639677600,fashion
19,2,121690338077,1600448400,business
20,2,202498256737,1638313200,charity-and-causes
21,2,195978475897,1638489600,fashion
22,2,189912783247,1638118800,charity-and-causes
23,2,148569369985,1617462000,business
24,3,216461089947,1638716400,charity-and-causes
25,3,211237084807,1639350000,charity-and-causes
26,3,14814467471,1417981500,food-and-drink
27,3,214301149507,1639242000,charity-and-causes
28,3,110456680906,1592748000,travel-and-outdoor
29,3,154095883937,1620576000,food-and-drink
30,3,201075431027,1642896000,charity-and-causes
31,3,15235444625,1420898400,travel-and-outdoor
32,3,133150943055,1638622800,travel-and-outdoor
33,3,194821144287,1639346400,food-and-drink
34,3,150188099649,1618354800,food-and-drink
35,3,206027914037,1651575600,travel-and-outdoor
36,4,150730122855,1618704000,science-and-tech
37,4,214820502907,1637949600,fashion
38,4,218042209117,1639782000,fashion
39,4,215407308057,1637623800,sports-and-fitness
40,4,215298322077,1638057900,sports-and-fitness
41,4,215800303517,1638550800,fashion
42,4,166394429217,1628431200,fashion
43,4,215048444687,1639936800,fashion
44,4,136878251535,1663675200,science-and-tech
45,4,192032874497,1638637200,science-and-tech
46,4,163076453061,1642957200,fashion
47,4,210348256297,1638633600,fashion
48,5,181318958887,1663956000,travel-and-outdoor
49,5,164228934163,1627084800,food-and-drink
50,5,208379628077,1639220400,travel-and-outdoor
51,5,190094045407,1635098400,food-and-drink
52,5,166339988383,1628524800,food-and-drink
53,5,173842606917,1631984400,food-and-drink
54,5,214893932537,1638369000,health
55,5,162941003929,1626705000,health
56,5,162940269733,1626296400,food-and-drink
57,5,156979924179,1622160000,travel-and-outdoor
58,5,132331235287,1638399600,health
59,5,92802277109,1581813000,food-and-drink
60,6,169309897461,1638318600,film-and-media
61,6,216295905877,1638406800,film-and-media
62,6,216556033927,1647097200,travel-and-outdoor
63,6,217501371457,1638738000,film-and-media
64,6,184422220827,1633566600,film-and-media
65,6,166072412055,1628640000,film-and-media
66,6,211103856317,1637953200,travel-and-outdoor
67,6,194640253237,1639182600,film-and-media
68,6,200370773377,1636815600,spirituality
69,6,79293602299,1575419400,spirituality
70,6,193120196707,1640286000,spirituality
71,6,162941405129,1639839600,film-and-media
72,7,214189987017,1638043200,health
73,7,169335062731,1638401400,health
74,7,166576375423,1628730000,business
75,7,162577466579,1638918000,health
76,7,148569369985,1617462000,business
77,7,92511200491,1580778000,business
78,7,154574599789,1638291600,business
79,7,138847148559,1612818000,business
80,7,162907571933,1626199200,business
81,7,207528963717,1636585200,health
82,7,165561961283,1628013600,business
83,7,193775928017,1635516000,health
84,8,166213479993,1628206200,film-and-media
85,8,209121848077,1637848800,travel-and-outdoor
86,8,162821251747,1627342200,film-and-media
87,8,216296948997,1639242000,travel-and-outdoor
88,8,87144761327,1579964400,health
89,8,213372000397,1638316800,film-and-media
90,8,169804426611,1631574000,health
91,8,170210009721,1631574000,health
92,8,110705986586,1592920800,travel-and-outdoor
93,8,187791448277,1639098000,film-and-media
94,8,204850522427,1638057600,film-and-media
95,8,203119865987,1638644400,health
96,9,217042288327,1639918800,travel-and-outdoor
97,9,191266993727,1638302400,business
98,9,194767142767,1638576000,business
99,9,193001020247,1638054000,spirituality
100,9,193120196707,1640286000,spirituality
101,9,205816772507,1641042000,travel-and-outdoor
102,9,126908246983,1603814400,spirituality
103,9,168040793537,1638831600,spirituality
104,9,99239448863,1583953200,business
105,9,216556033927,1647097200,travel-and-outdoor
106,9,217972761397,1638111600,spirituality
107,9,205831486517,1641646800,travel-and-outdoor
108,10,192032874497,1638637200,science-and-tech
109,10,217052027457,1638111600,travel-and-outdoor
110,10,34163737659,1498480200,science-and-tech
111,10,194089084677,1639263600,charity-and-causes
112,10,210002020697,1638626400,charity-and-causes
113,10,202130376397,1638392400,science-and-tech
114,10,217968990117,1638720000,charity-and-causes
115,10,202899426647,1641427200,science-and-tech
116,10,215937744607,1639929600,charity-and-causes
117,10,47974690591,1531227600,travel-and-outdoor
118,10,198597469377,1639490400,science-and-tech
119,10,211712867887,1642258800,science-and-tech
120,11,215680655647,1639929600,sports-and-fitness
121,11,145573888419,1617976800,fashion
122,11,211356351537,1652787000,travel-and-outdoor
123,11,184402000347,1638115200,fashion
124,11,137349904261,1619280000,fashion
125,11,203559159927,1636585200,sports-and-fitness
126,11,209524733117,1638644400,sports-and-fitness
127,11,210880949597,1637931600,fashion
128,11,209566036657,1638576000,fashion
129,11,167722128401,1629417600,travel-and-outdoor
130,11,201623831307,1637974800,fashion
131,11,158235132541,1622991600,travel-and-outdoor
132,12,159807944865,1637884800,sports-and-fitness
133,12,214857754327,1638738000,sports-and-fitness
134,12,210772996707,1637974800,sports-and-fitness
135,12,206555562247,1642258800,sports-and-fitness
136,12,70975512669,1639404000,business
137,12,170182140363,1631574000,health
138,12,75905903601,1635807600,health
139,12,164409570451,1627135200,business
140,12,140244772891,1612634400,business
141,12,194588448287,1638313200,health
142,12,159665232007,1625076000,health
143,12,149584211403,1618005600,sports-and-fitness
144,13,188521542007,1633737600,travel-and-outdoor
145,13,130488090391,1606316400,travel-and-outdoor
146,13,213969798427,1640390400,auto-boat-and-air
147,13,167581557951,1629631800,health
148,13,198046300817,1636068600,health
149,13,170204824211,1634144400,health
150,13,217635281987,1638730800,health
151,13,167691893969,1629417600,travel-and-outdoor
152,13,162941003929,1626705000,health
153,13,167568872007,1629588600,health
154,13,213589179987,1653393600,travel-and-outdoor
155,13,192809758177,1639674000,travel-and-outdoor
156,14,191418135797,1643475600,charity-and-causes
157,14,172309360937,1631925000,film-and-media
158,14,193148521427,1639614600,film-and-media
159,14,212013045727,1639011600,charity-and-causes
160,14,215837745507,1639004400,film-and-media
161,14,208969412137,1638662400,film-and-media
162,14,196162947657,1639267200,film-and-media
163,14,175832258017,1638311400,business
164,14,115592276611,1596583800,film-and-media
165,14,182544273837,1639094400,business
166,14,166088177209,1628200800,film-and-media
167,14,195270688887,1634848200,charity-and-causes
168,15,161728904507,1625421600,food-and-drink
169,15,188712603477,1636308000,food-and-drink
170,15,216695601377,1638721800,health
171,15,168116022549,1634250600,food-and-drink
172,15,144084136531,1614805200,food-and-drink
173,15,154124198627,1621634400,food-and-drink
174,15,162941338931,1626280200,health
175,15,87144761327,1579964400,health
176,15,155825770073,1623517200,food-and-drink
177,15,164238001283,1627742700,spirituality
178,15,209953876697,1637974800,spirituality
179,15,129620770213,1605906000,food-and-drink
180,16,191714712867,1638723600,spirituality
181,16,162939391105,1626181200,health
182,16,164244045361,1627741800,spirituality
183,16,193120196707,1640286000,spirituality
184,16,198046300817,1636068600,health
185,16,204268862667,1638626400,spirituality
186,16,188751279157,1638576000,spirituality
187,16,211716619107,1647097200,science-and-tech
188,16,195277489227,1639175400,science-and-tech
189,16,210517332007,1637168400,health
190,16,204462190917,1638403200,spirituality
191,16,165425266425,1638536400,science-and-tech
192,17,158558762527,1623474000,business
193,17,165353082521,1627729200,business
194,17,124908818639,1609869600,business
195,17,209418445207,1636815600,health
196,17,194588448287,1638313200,health
197,17,154124198627,1621634400,food-and-drink
198,17,166808224891,1639234800,health
199,17,153743066651,1620352800,food-and-drink
200,17,146664362055,1616349600,food-and-drink
201,17,170212089943,1631574000,health
202,17,121217397499,1601650800,business
203,17,195371420177,1634932800,business
204,18,218030664587,1639920600,charity-and-causes
205,18,192621615437,1638639000,charity-and-causes
206,18,201750981617,1638489600,charity-and-causes
207,18,165435344569,1629154800,food-and-drink
208,18,216631750397,1638648000,charity-and-causes
209,18,210209741997,1638637200,charity-and-causes
210,18,217032007577,1639254600,charity-and-causes
211,18,215937744607,1639929600,charity-and-causes
212,18,166820872721,1648245600,charity-and-causes
213,18,169179661923,1630720800,food-and-drink
214,18,160589319979,1624579200,food-and-drink
215,18,199477581817,1638572400,charity-and-causes
216,19,129103769851,1638707400,health
217,19,197933653887,1639252800,health
218,19,217089619897,1637848800,health
219,19,145124267591,1619869500,health
220,19,129361089501,1605625200,travel-and-outdoor
221,19,211834712327,1638313200,health
222,19,206347429717,1652007600,travel-and-outdoor
223,19,146832111799,1616281200,travel-and-outdoor
224,19,139948171749,1612396800,health
225,19,214893932537,1638369000,health
226,19,205382102397,1636390800,travel-and-outdoor
227,19,167562968349,1629588600,health
228,20,184422220827,1633566600,film-and-media
229,20,170539538350,1631790000,health
230,20,210028830887,1639008000,film-and-media
231,20,181437774267,1638648000,health
232,20,206026439627,1651406400,travel-and-outdoor
233,20,189843977447,1638630000,health
234,20,195915016087,1636120800,health
235,20,208379628077,1639220400,travel-and-outdoor
236,20,211343292477,1652527800,travel-and-outdoor
237,20,163906271069,1638975600,health
238,20,152147307693,1619560800,health
239,20,207528963717,1636585200,health
240,21,182365128007,1633478400,business
241,21,124848787083,1602945000,spirituality
242,21,191771703327,1634259600,food-and-drink
243,21,131928019257,1607364000,business
244,21,132017039519,1607450400,business
245,21,120588169461,1600012800,food-and-drink
246,21,195371420177,1634932800,business
247,21,193187257287,1639195200,food-and-drink
248,21,188712603477,1636308000,food-and-drink
249,21,164755787997,1627747200,business
250,21,112002221660,1594557000,spirituality
251,21,164228934163,1627084800,food-and-drink
252,22,215800915347,1638637200,fashion
253,22,215808126917,1639342800,fashion
254,22,58503123417,1644710400,fashion
255,22,140004076963,1614438000,fashion
256,22,205392252757,1638122400,fashion
257,22,124692170639,1639663200,science-and-tech
258,22,188465143317,1638144000,fashion
259,22,165818456467,1651950000,fashion
260,22,213372231087,1639265400,fashion
261,22,217687157147,1638115200,fashion
262,22,184402000347,1638115200,fashion
263,22,29744591875,1486386000,science-and-tech
264,23,194811996927,1638579600,film-and-media
265,23,208625453347,1638547800,film-and-media
266,23,181872524617,1638583200,food-and-drink
267,23,177336166247,1632340800,food-and-drink
268,23,166088177209,1628200800,film-and-media
269,23,205251090537,1638291600,film-and-media
270,23,194822207467,1638036000,film-and-media
271,23,164378296911,1628033400,film-and-media
272,23,216644689097,1639832400,auto-boat-and-air
273,23,110835457838,1594411200,food-and-drink
274,23,181184576947,1633125600,food-and-drink
275,23,166080608571,1628646300,film-and-media
276,24,185009948737,1639090800,charity-and-causes
277,24,187723675567,1634227200,business
278,24,168145781559,1630512000,business
279,24,169372586967,1644627600,film-and-media
280,24,214515751387,1639699200,charity-and-causes
281,24,209956895727,1638478800,charity-and-causes
282,24,216461089947,1638716400,charity-and-causes
283,24,191724261427,1639249200,charity-and-causes
284,24,210028830887,1639008000,film-and-media
285,24,196676042337,1638144000,film-and-media
286,24,213280807637,1639332000,charity-and-causes
287,24,211229090897,1639580400,charity-and-causes
288,25,214404719287,1638403200,charity-and-causes
289,25,210715976157,1639242000,charity-and-causes
290,25,214857754327,1638738000,sports-and-fitness
291,25,133152427495,1638730800,travel-and-outdoor
292,25,212013045727,1639011600,charity-and-causes
293,25,214305492497,1640728800,sports-and-fitness
294,25,202142873777,1638637200,sports-and-fitness
295,25,208790196097,1639087200,charity-and-causes
296,25,206081755077,1636153200,sports-and-fitness
297,25,110705986586,1592920800,travel-and-outdoor
298,25,215101423147,1639782000,charity-and-causes
299,25,191513380677,1643846400,charity-and-causes
300,26,213372501897,1638932400,film-and-media
301,26,140039496905,1614474000,sports-and-fitness
302,26,207242657367,1638295200,sports-and-fitness
303,26,184422220827,1633566600,film-and-media
304,26,179222859397,1641092400,film-and-media
305,26,211724502687,1638748800,film-and-media
306,26,217025076847,1639785600,charity-and-causes
307,26,205658739827,1636506000,film-and-media
308,26,213706290267,1639774800,charity-and-causes
309,26,207518943747,1642950000,charity-and-causes
310,26,215381992337,1638923400,film-and-media
311,26,96093968647,1582678800,film-and-media
312,27,158826619695,1623366000,business
313,27,149466609653,1617921000,business
314,27,148569369985,1617462000,business
315,27,105067670230,1614618000,auto-boat-and-air
316,27,176506223867,1643562000,fashion
317,27,95477181821,1582126200,fashion
318,27,121965962477,1600711200,business
319,27,183828274317,1633474800,business
320,27,170367834780,1644883200,fashion
321,27,210746066157,1638120600,fashion
322,27,177417589787,1639179000,fashion
323,27,207371492717,1638036000,fashion
324,28,158558762527,1623474000,business
325,28,172358116767,1631743200,food-and-drink
326,28,179281203907,1645977600,business
327,28,151361996807,1619215200,business
328,28,124908808609,1609956000,business
329,28,102178448490,1646231400,business
330,28,194072745807,1638572400,food-and-drink
331,28,173842606917,1631984400,food-and-drink
332,28,209432246487,1638068400,auto-boat-and-air
333,28,188822783027,1638072000,food-and-drink
334,28,56339550111,1550242800,food-and-drink
335,28,161004056467,1640995200,auto-boat-and-air
336,29,216398221907,1638889200,health
337,29,170378661162,1631732400,business
338,29,169804426611,1631574000,health
339,29,211847209707,1637505000,health
340,29,102366691530,1586973600,business
341,29,203559159927,1636585200,sports-and-fitness
342,29,159076840111,1623506400,health
343,29,161569226907,1625059800,sports-and-fitness
344,29,140039496905,1614474000,sports-and-fitness
345,29,189748762657,1635872400,health
346,29,189342397207,1634158800,health
347,29,212379080547,1638626400,health
348,30,217030834067,1638399600,sports-and-fitness
349,30,205816772507,1641042000,travel-and-outdoor
350,30,205045244847,1636975800,sports-and-fitness
351,30,181318958887,1663956000,travel-and-outdoor
352,30,162195048757,1625788800,travel-and-outdoor
353,30,207242657367,1638295200,sports-and-fitness
354,30,215214661847,1638399600,sports-and-fitness
355,30,140027990489,1612458000,travel-and-outdoor
356,30,188945690647,1638838800,science-and-tech
357,30,158185032691,1623369600,travel-and-outdoor
358,30,166394431223,1637958600,sports-and-fitness
359,30,166390595751,1637935200,sports-and-fitness
360,31,167861150219,1638489600,charity-and-causes
361,31,203972877367,1638718200,charity-and-causes
362,31,176435251587,1639677600,science-and-tech
363,31,213280807637,1639332000,charity-and-causes
364,31,178777246557,1639072800,science-and-tech
365,31,214301149507,1639242000,charity-and-causes
366,31,192033827347,1639090800,science-and-tech
367,31,209435797107,1638640800,charity-and-causes
368,31,214830071527,1638550800,charity-and-causes
369,31,191418135797,1643475600,charity-and-causes
370,31,211286663097,1640476800,charity-and-causes
371,31,161123746463,1628087400,science-and-tech
372,32,151054278413,1638363600,business
373,32,162942125283,1626445800,business
374,32,145855689293,1618837200,business
375,32,130983941495,1607180400,business
376,32,181348918497,1639432800,business
377,32,196075526177,1638288000,business
378,32,199356670167,1638453600,science-and-tech
379,32,205896561157,1642878000,travel-and-outdoor
380,32,202132241977,1638565200,science-and-tech
381,32,131206906389,1607097600,business
382,32,168145781559,1630512000,business
383,32,150836848073,1639929600,business
384,33,186079567997,1639665000,charity-and-causes
385,33,158235132541,1622991600,travel-and-outdoor
386,33,164442091723,1640307600,film-and-media
387,33,196857906297,1638576000,charity-and-causes
388,33,206708529777,1638622800,travel-and-outdoor
389,33,193148521427,1639614600,film-and-media
390,33,158990022437,1625959800,film-and-media
391,33,214306615857,1642897800,charity-and-causes
392,33,215989539527,1638669600,charity-and-causes
393,33,209392216757,1638052200,film-and-media
394,33,167861150219,1638489600,charity-and-causes
395,33,194045745047,1639616400,film-and-media
396,34,134768126093,1611500400,auto-boat-and-air
397,34,205245874937,1639180800,charity-and-causes
398,34,208061616897,1639272600,charity-and-causes
399,34,217052629257,1643034600,charity-and-causes
400,34,201754040767,1638574200,charity-and-causes
401,34,183268831007,1633474800,health
402,34,215816251217,1639321200,charity-and-causes
403,34,214189987017,1638043200,health
404,34,169375134587,1632524400,health
405,34,188475765087,1633960800,health
406,34,162579075391,1641660300,health
407,34,210715976157,1639242000,charity-and-causes
408,35,144267200079,1614823200,business
409,35,169738254689,1639350000,fashion
410,35,166213479993,1628206200,film-and-media
411,35,188949241267,1639002600,business
412,35,169316218367,1638577800,film-and-media
413,35,211975573647,1639083600,fashion
414,35,193856087777,1638633600,fashion
415,35,138847148559,1612818000,business
416,35,212531656907,1639692000,fashion
417,35,175832258017,1638311400,business
418,35,169309897461,1638318600,film-and-media
419,35,129250284079,1607097600,business
420,36,214306615857,1642897800,charity-and-causes
421,36,75905903601,1635807600,health
422,36,208472104677,1639094400,film-and-media
423,36,205658739827,1636506000,film-and-media
424,36,166090494139,1628221500,film-and-media
425,36,189748762657,1635872400,health
426,36,208399447357,1639854000,charity-and-causes
427,36,169118292365,1634252400,film-and-media
428,36,96093968647,1582678800,film-and-media
429,36,213395530777,1639018800,film-and-media
430,36,211229090897,1639580400,charity-and-causes
431,36,196991746617,1638025200,health
432,37,215272575067,1639182600,fashion
433,37,188822783027,1638072000,food-and-drink
434,37,217144995527,1640820600,spirituality
435,37,210925222017,1638126000,fashion
436,37,148632994287,1617483600,food-and-drink
437,37,207377921947,1637971200,spirituality
438,37,194821144287,1639346400,food-and-drink
439,37,169178059129,1630548000,food-and-drink
440,37,173855214627,1632520800,spirituality
441,37,124848787083,1602945000,spirituality
442,37,195188603367,1637968500,spirituality
443,37,191771703327,1634259600,food-and-drink
444,38,187938377747,1638577800,spirituality
445,38,192758324337,1638113400,spirituality
446,38,193195782787,1640129400,spirituality
447,38,207672011577,1638572400,spirituality
448,38,117187435775,1599400800,spirituality
449,38,209425636717,1638651600,spirituality
450,38,120343626025,1601820000,spirituality
451,38,154565572789,1623454200,spirituality
452,38,191714712867,1638723600,spirituality
453,38,208820737447,1638644400,spirituality
454,38,206873593487,1637505000,spirituality
455,38,200413601477,1638738000,spirituality
456,39,217929010537,1639245600,fashion
457,39,203987952457,1638036000,sports-and-fitness
458,39,90187277575,1580655600,fashion
459,39,205392252757,1638122400,fashion
460,39,203507525487,1639180800,spirituality
461,39,161569226907,1625059800,sports-and-fitness
462,39,215805458937,1639083600,fashion
463,39,201363091427,1638491400,sports-and-fitness
464,39,110785745146,1639834200,sports-and-fitness
465,39,147006156371,1617228000,sports-and-fitness
466,39,206607617947,1638662400,fashion
467,39,126622117161,1604246400,spirituality
468,40,155719387881,1639256400,food-and-drink
469,40,149354402037,1617472800,food-and-drink
470,40,155825770073,1623517200,food-and-drink
471,40,114761498732,1618147800,spirituality
472,40,166303270559,1638385200,business
473,40,192629789887,1638453600,business
474,40,169389579793,1631376000,food-and-drink
475,40,135901074773,1610067600,business
476,40,169179661923,1630720800,food-and-drink
477,40,132761488185,1639065600,business
478,40,191714712867,1638723600,spirituality
479,40,161539961373,1625418000,food-and-drink
480,41,192434064467,1638889200,health
481,41,124479837545,1633824000,sports-and-fitness
482,41,170212089943,1631574000,health
483,41,170358571072,1638975600,sports-and-fitness
484,41,189342397207,1634158800,health
485,41,91055293835,1580338800,sports-and-fitness
486,41,196205163927,1638662400,health
487,41,149563196547,1618077600,health
488,41,201073826227,1642809600,charity-and-causes
489,41,202142873777,1638637200,sports-and-fitness
490,41,38651646114,2141899200,sports-and-fitness
491,41,214404719287,1638403200,charity-and-causes
492,42,149315319139,1617750000,business
493,42,180377242187,1638486000,business
494,42,148909623693,1617573600,business
495,42,150836848073,1639929600,business
496,42,25308496394,1464829200,business
497,42,146832111799,1616281200,travel-and-outdoor
498,42,132149848755,1607536800,business
499,42,202562589157,1643547600,sports-and-fitness
500,42,89668891067,1579218300,business
501,42,61118016633,1638453600,business
502,42,102178448490,1646231400,business
503,42,213373023457,1641639600,travel-and-outdoor
504,43,160252195631,1624579200,travel-and-outdoor
505,43,137974502451,1639162800,charity-and-causes
506,43,204198893387,1639778400,charity-and-causes
507,43,216296948997,1639242000,travel-and-outdoor
508,43,146832111799,1616281200,travel-and-outdoor
509,43,208061616897,1639272600,charity-and-causes
510,43,94670386675,1645311600,charity-and-causes
511,43,133152427495,1638730800,travel-and-outdoor
512,43,215808788897,1639515600,fashion
513,43,185149405857,1638457200,fashion
514,43,215808126917,1639342800,fashion
515,43,162363691171,1625835600,charity-and-causes
516,44,211864541547,1639002600,charity-and-causes
517,44,189912783247,1638118800,charity-and-causes
518,44,140950379379,1613847600,food-and-drink
519,44,93398672945,1581069600,food-and-drink
520,44,211456390757,1639092600,charity-and-causes
521,44,182085150587,1638662400,charity-and-causes
522,44,189983013307,1638637200,food-and-drink
523,44,158082279353,1622862000,food-and-drink
524,44,195117791567,1637956800,food-and-drink
525,44,217289547887,1639857600,charity-and-causes
526,44,166386858573,1628442000,food-and-drink
527,44,129534275505,1639663200,business
528,45,182544273837,1639094400,business
529,45,215808126917,1639342800,fashion
530,45,199202489007,1639002600,science-and-tech
531,45,190019913677,1638140400,science-and-tech
532,45,211716619107,1647097200,science-and-tech
533,45,161123746463,1628087400,science-and-tech
534,45,169738254689,1639350000,fashion
535,45,192033817317,1639069200,science-and-tech
536,45,188945740797,1639011600,science-and-tech
537,45,188945770887,1639616400,science-and-tech
538,45,216624117567,1639242000,fashion
539,45,197950865367,1638662400,fashion
540,46,114690905586,1596810600,fashion
541,46,169738254689,1639350000,fashion
542,46,208965480377,1638916200,fashion
543,46,217289547887,1639857600,charity-and-causes
544,46,192434064467,1638889200,health
545,46,191724261427,1639249200,charity-and-causes
546,46,215805458937,1639083600,fashion
547,46,211799135917,1639695600,charity-and-causes
548,46,209450440907,1639096200,health
549,46,215800303517,1638550800,fashion
550,46,168116736685,1639245600,charity-and-causes
551,46,210209741997,1638637200,charity-and-causes
552,47,151937504165,1619481600,film-and-media
553,47,191403752777,1655812800,science-and-tech
554,47,206022909067,1651325400,travel-and-outdoor
555,47,161999925137,1625335200,travel-and-outdoor
556,47,210029171907,1638662400,film-and-media
557,47,215944203927,1638633600,science-and-tech
558,47,205658739827,1636506000,film-and-media
559,47,216296948997,1639242000,travel-and-outdoor
560,47,124908814627,1609783200,science-and-tech
561,47,166263070319,1628294400,travel-and-outdoor
562,47,133146114613,1638108000,travel-and-outdoor
563,47,205816772507,1641042000,travel-and-outdoor
564,48,216597919207,1639699200,sports-and-fitness
565,48,170358571072,1638975600,sports-and-fitness
566,48,215298322077,1638057900,sports-and-fitness
567,48,161160028985,1625004000,sports-and-fitness
568,48,147006156371,1617228000,sports-and-fitness
569,48,124692170639,1639663200,science-and-tech
570,48,110785745146,1639834200,sports-and-fitness
571,48,185332623867,1657794600,auto-boat-and-air
572,48,188945620437,1638234000,science-and-tech
573,48,188938719797,1638367200,science-and-tech
574,48,193839568367,1639324800,science-and-tech
575,48,205760494177,1639868400,science-and-tech
576,49,215806502057,1639170000,fashion
577,49,212008080877,1639004400,charity-and-causes
578,49,162491934751,1639094400,science-and-tech
579,49,214820502907,1637949600,fashion
580,49,48804200678,1539212400,science-and-tech
581,49,195040731077,1650560400,science-and-tech
582,49,207179107287,1638115200,fashion
583,49,210209741997,1638637200,charity-and-causes
584,49,188938719797,1638367200,science-and-tech
585,49,207256458647,1638633600,charity-and-causes
586,49,213235231317,1637672400,science-and-tech
587,49,133397608839,1609957800,science-and-tech
588,50,163066088059,1649851200,science-and-tech
589,50,167166105321,1629237600,spirituality
590,50,114761498732,1618147800,spirituality
591,50,210746066157,1638120600,fashion
592,50,138184614903,1613142000,fashion
593,50,192002463537,1665871200,spirituality
594,50,182162231137,1638732600,spirituality
595,50,216771478327,1639846800,spirituality
596,50,161940383045,1638896400,science-and-tech
597,50,109700824118,1593086400,spirituality
598,50,216213649847,1638975600,science-and-tech
599,50,111075716458,1594942200,fashion
600,51,206558029627,1639321200,fashion
601,51,204220869117,1636642800,fashion
602,51,201653851097,1639177200,fashion
603,51,216491581147,1639173600,fashion
604,51,210272479647,1636819200,fashion
605,51,217289547887,1639857600,charity-and-causes
606,51,211787541237,1638993600,science-and-tech
607,51,217951788667,1642890600,charity-and-causes
608,51,208790196097,1639087200,charity-and-causes
609,51,211229090897,1639580400,charity-and-causes
610,51,203733060067,1639348200,charity-and-causes
611,51,201750981617,1638489600,charity-and-causes
612,52,172188028027,1632597600,sports-and-fitness
613,52,215804255337,1638997200,fashion
614,52,215806502057,1639170000,fashion
615,52,161940383045,1638896400,science-and-tech
616,52,163066088059,1649851200,science-and-tech
617,52,192863127807,1645884000,sports-and-fitness
618,52,216537077227,1639242000,fashion
619,52,199202489007,1639002600,science-and-tech
620,52,205329866157,1638122400,fashion
621,52,211361837947,1638644400,fashion
622,52,166562594203,1639144800,science-and-tech
623,52,211061870737,1639087200,fashion
624,53,206022768647,1638831600,film-and-media
625,53,168836004033,1631574000,business
626,53,132523339877,1607709600,business
627,53,111682908586,1593558000,business
628,53,192764583057,1638630000,business
629,53,162966423961,1639065600,business
630,53,149466609653,1617921000,business
631,53,165561961283,1628013600,business
632,53,209392216757,1638052200,film-and-media
633,53,194822207467,1638036000,film-and-media
634,53,196038475357,1638068400,film-and-media
635,53,165916467621,1638468000,science-and-tech
636,54,192033897557,1639242000,science-and-tech
637,54,192032894557,1638658800,science-and-tech
638,54,215638730247,1639609200,charity-and-causes
639,54,206558029627,1639321200,fashion
640,54,215722069517,1638576000,fashion
641,54,178346147127,1639094400,charity-and-causes
642,54,124692170639,1639663200,science-and-tech
643,54,189437150617,1638889200,fashion
644,54,199356670167,1638453600,science-and-tech
645,54,207379747407,1638640800,charity-and-causes
646,54,173455850117,1633635000,fashion
647,54,211787541237,1638993600,science-and-tech
648,55,149584211403,1618005600,sports-and-fitness
649,55,126670166879,1603753200,business
650,55,166394431223,1637958600,sports-and-fitness
651,55,92511200491,1580778000,business
652,55,165609489441,1628013600,business
653,55,193650873977,1635364800,business
654,55,214133508087,1637366400,auto-boat-and-air
655,55,111497502030,1593642600,business
656,55,150304527889,1618439400,business
657,55,132054294951,1607450400,business
658,55,160171046913,1639872000,sports-and-fitness
659,55,168317553333,1639861200,business
660,56,194514356677,1639940400,spirituality
661,56,194533714577,1634767200,health
662,56,176535992907,1633361400,health
663,56,183656239757,1633388400,spirituality
664,56,212587273257,1638129600,spirituality
665,56,192434064467,1638889200,health
666,56,161736158203,1625072400,health
667,56,117187435775,1599400800,spirituality
668,56,54013809759,1546988400,health
669,56,202552980417,1638115200,spirituality
670,56,154483601611,1622244600,spirituality
671,56,193195782787,1640129400,spirituality
672,57,131957202545,1612540800,business
673,57,165561961283,1628013600,business
674,57,124908806603,1609956000,business
675,57,111035167174,1593093600,travel-and-outdoor
676,57,215966199717,1638133200,spirituality
677,57,126622117161,1604246400,spirituality
678,57,167722128401,1629417600,travel-and-outdoor
679,57,164755787997,1627747200,business
680,57,116968565127,1599400800,spirituality
681,57,216556033927,1647097200,travel-and-outdoor
682,57,205998806977,1648297800,travel-and-outdoor
683,57,207902200077,1636844400,spirituality
684,58,165851409029,1627986600,business
685,58,162313308475,1625929200,sports-and-fitness
686,58,149588072953,1618232400,business
687,58,210399128457,1638111600,sports-and-fitness
688,58,194092575117,1638131400,spirituality
689,58,111300105612,1640714400,sports-and-fitness
690,58,212154338337,1639438200,spirituality
691,58,198422084797,1635681600,sports-and-fitness
692,58,166753180251,1638453600,business
693,58,203982776977,1639238400,sports-and-fitness
694,58,206705219877,1642339800,sports-and-fitness
695,58,119703788253,1601740800,sports-and-fitness
696,59,215508340247,1638660600,health
697,59,191266993727,1638302400,business
698,59,129567123755,1605711600,travel-and-outdoor
699,59,161274798263,1624964400,business
700,59,125749527221,1603029600,health
701,59,216518180707,1648314900,travel-and-outdoor
702,59,75905903601,1635807600,health
703,59,183268831007,1633474800,health
704,59,162577466579,1638918000,health
705,59,167722128401,1629417600,travel-and-outdoor
706,59,181437774267,1638648000,health
707,59,146833534053,1616281200,travel-and-outdoor
708,60,198686385327,1638572400,food-and-drink
709,60,211194938747,1638498600,film-and-media
710,60,205751507297,1638111600,spirituality
711,60,213383404507,1639008000,film-and-media
712,60,151899171511,1621116000,food-and-drink
713,60,193120196707,1640286000,spirituality
714,60,211099794167,1638649800,film-and-media
715,60,165170197507,1628510400,spirituality
716,60,191714712867,1638723600,spirituality
717,60,192307445747,1634958000,food-and-drink
718,60,186335032097,1634954400,food-and-drink
719,60,187789793327,1638493200,film-and-media
720,61,167564737641,1629588600,health
721,61,161116378425,1625149800,science-and-tech
722,61,217450429087,1637854200,health
723,61,204756400907,1638450000,science-and-tech
724,61,169375134587,1632524400,health
725,61,163078533283,1632592800,auto-boat-and-air
726,61,152127841469,1619562600,health
727,61,167569142817,1629588600,health
728,61,196642923277,1635364800,science-and-tech
729,61,216398221907,1638889200,health
730,61,161940383045,1638896400,science-and-tech
731,61,162490803367,1639699200,science-and-tech
732,62,197103551027,1635427800,health
733,62,162941003929,1626705000,health
734,62,182085150587,1638662400,charity-and-causes
735,62,210180735237,1639954800,charity-and-causes
736,62,214364198087,1638666000,charity-and-causes
737,62,14814870677,1418054400,food-and-drink
738,62,14814397261,1417883400,food-and-drink
739,62,194821144287,1639346400,food-and-drink
740,62,194131581787,1634652000,food-and-drink
741,62,14812956953,1418056200,food-and-drink
742,62,207256458647,1638633600,charity-and-causes
743,62,193911553677,1635098400,health
744,63,211229090897,1639580400,charity-and-causes
745,63,162194394801,1625788800,travel-and-outdoor
746,63,205971736007,1647694800,travel-and-outdoor
747,63,207379747407,1638640800,charity-and-causes
748,63,205831486517,1641646800,travel-and-outdoor
749,63,211864541547,1639002600,charity-and-causes
750,63,214133508087,1637366400,auto-boat-and-air
751,63,201075431027,1642896000,charity-and-causes
752,63,217289056417,1639832400,auto-boat-and-air
753,63,216296948997,1639242000,travel-and-outdoor
754,63,111036116012,1593093600,travel-and-outdoor
755,63,187993803527,1638230400,charity-and-causes
756,64,194661897977,1637971200,auto-boat-and-air
757,64,167127700451,1642287600,science-and-tech
758,64,137349904261,1619280000,fashion
759,64,188945740797,1639011600,science-and-tech
760,64,215048444687,1639936800,fashion
761,64,163078533283,1632592800,auto-boat-and-air
762,64,199904047387,1639249200,auto-boat-and-air
763,64,212607323227,1637967600,fashion
764,64,178777246557,1639072800,science-and-tech
765,64,198331513897,1635888600,science-and-tech
766,64,214271811757,1639004400,science-and-tech
767,64,204191681817,1636381800,fashion
768,65,211834712327,1638313200,health
769,65,196079658537,1639191600,film-and-media
770,65,151251151265,1619055000,health
771,65,194563232867,1635098400,health
772,65,182924501107,1639528200,film-and-media
773,65,85199027585,1575937800,sports-and-fitness
774,65,204084340757,1639004400,film-and-media
775,65,189725182127,1644062400,sports-and-fitness
776,65,183262100877,1633474800,health
777,65,202562589157,1643547600,sports-and-fitness
778,65,215381611197,1638318600,film-and-media
779,65,204138663237,1636675200,sports-and-fitness
780,66,216597919207,1639699200,sports-and-fitness
781,66,163916620023,1650974400,sports-and-fitness
782,66,216433507447,1639222200,sports-and-fitness
783,66,211787541237,1638993600,science-and-tech
784,66,209792193097,1636902000,sports-and-fitness
785,66,192018290877,1638730800,sports-and-fitness
786,66,198046300817,1636068600,health
787,66,215245614427,1638730800,science-and-tech
788,66,209524733117,1638644400,sports-and-fitness
789,66,205328522137,1641855600,science-and-tech
790,66,213323294717,1638662400,health
791,66,162986724681,1626224400,health
792,67,182085150587,1638662400,charity-and-causes
793,67,133359847895,1609785000,travel-and-outdoor
794,67,187993803527,1638230400,charity-and-causes
795,67,218030664587,1639920600,charity-and-causes
796,67,202136494697,1638021600,travel-and-outdoor
797,67,215833302217,1639944000,charity-and-causes
798,67,215816251217,1639321200,charity-and-causes
799,67,146832111799,1616281200,travel-and-outdoor
800,67,206256407467,1639152000,charity-and-causes
801,67,194514356677,1639940400,spirituality
802,67,209821992227,1638230400,charity-and-causes
803,67,164675574075,1627336800,spirituality
804,68,157707020945,1622948400,food-and-drink
805,68,210029171907,1638662400,film-and-media
806,68,196709472327,1639436400,food-and-drink
807,68,180397853837,1638059400,film-and-media
808,68,163078533283,1632592800,auto-boat-and-air
809,68,192609037817,1641096000,food-and-drink
810,68,204260307077,1638493200,film-and-media
811,68,194811996927,1638579600,film-and-media
812,68,214066447507,1641056400,auto-boat-and-air
813,68,134768126093,1611500400,auto-boat-and-air
814,68,167911129709,1629651600,food-and-drink
815,68,169118292365,1634252400,film-and-media
816,69,197103551027,1635427800,health
817,69,91055293835,1580338800,sports-and-fitness
818,69,207256458647,1638633600,charity-and-causes
819,69,182085150587,1638662400,charity-and-causes
820,69,205072576597,1639089000,sports-and-fitness
821,69,182107477367,1639875600,health
822,69,211217606547,1639238400,charity-and-causes
823,69,170200768079,1638104400,sports-and-fitness
824,69,211237084807,1639350000,charity-and-causes
825,69,215755589777,1639090800,health
826,69,166342006419,1628348400,health
827,69,215236326647,1639000800,health
828,70,179843375377,1633046400,film-and-media
829,70,215900332707,1638639000,film-and-media
830,70,203770090827,1651755600,science-and-tech
831,70,179353861227,1633284000,food-and-drink
832,70,178924858067,1632517200,food-and-drink
833,70,162996142851,1638232200,film-and-media
834,70,195117791567,1637956800,food-and-drink
835,70,186335032097,1634954400,food-and-drink
836,70,178797246377,1632618000,film-and-media
837,70,166081288605,1628546400,film-and-media
838,70,162491934751,1639094400,science-and-tech
839,70,188644931067,1638406800,film-and-media
840,71,176435251587,1639677600,science-and-tech
841,71,167751317707,1638036000,film-and-media
842,71,144760999045,1619136000,film-and-media
843,71,205919369377,1643551200,travel-and-outdoor
844,71,193148521427,1639614600,film-and-media
845,71,187827175137,1634686200,film-and-media
846,71,187792581667,1639702800,film-and-media
847,71,194758055587,1638234000,film-and-media
848,71,110455906590,1592748000,travel-and-outdoor
849,71,193595799247,1650733200,science-and-tech
850,71,166080608571,1628646300,film-and-media
851,71,205816772507,1641042000,travel-and-outdoor
852,72,188412275187,1638576000,charity-and-causes
853,72,153715289569,1620579600,spirituality
854,72,201028831647,1639249200,charity-and-causes
855,72,180561192387,1632866400,business
856,72,211456390757,1639092600,charity-and-causes
857,72,168836004033,1631574000,business
858,72,151361996807,1619215200,business
859,72,138319853405,1612137600,business
860,72,191724261427,1639249200,charity-and-causes
861,72,188949241267,1639002600,business
862,72,167369104497,1629241200,business
863,72,165561287267,1628013600,business
864,73,163390119245,1626633000,sports-and-fitness
865,73,208625453347,1638547800,film-and-media
866,73,144933342529,1618142400,spirituality
867,73,166088177209,1628200800,film-and-media
868,73,188751279157,1638576000,spirituality
869,73,206109046707,1640714400,sports-and-fitness
870,73,158990022437,1625959800,film-and-media
871,73,214592841967,1668902400,sports-and-fitness
872,73,121648464833,1600471800,spirituality
873,73,210668764947,1638052200,film-and-media
874,73,209792193097,1636902000,sports-and-fitness
875,73,216295905877,1638406800,film-and-media
876,74,136878251535,1663675200,science-and-tech
877,74,160049009897,1624392000,health
878,74,210272479647,1636819200,fashion
879,74,214271811757,1639004400,science-and-tech
880,74,195277489227,1639175400,science-and-tech
881,74,193257778217,1637020800,health
882,74,204693763557,1639234800,fashion
883,74,215803382727,1638982800,fashion
884,74,217738300117,1639778400,fashion
885,74,207528963717,1636585200,health
886,74,188945690647,1638838800,science-and-tech
887,74,63912042640,1641659400,fashion
888,75,170480664256,1633717800,travel-and-outdoor
889,75,202899426647,1641427200,science-and-tech
890,75,146832111799,1616281200,travel-and-outdoor
891,75,209613608947,1637965800,spirituality
892,75,183656239757,1633388400,spirituality
893,75,114761498732,1618147800,spirituality
894,75,206027914037,1651575600,travel-and-outdoor
895,75,153715289569,1620579600,spirituality
896,75,207377921947,1637971200,spirituality
897,75,209425636717,1638651600,spirituality
898,75,162194394801,1625788800,travel-and-outdoor
899,75,176671478147,1644688800,science-and-tech
900,76,193257778217,1637020800,health
901,76,216556033927,1647097200,travel-and-outdoor
902,76,216695601377,1638721800,health
903,76,166750377869,1638486000,health
904,76,188901658947,1634680800,health
905,76,133359847895,1609785000,travel-and-outdoor
906,76,214893932537,1638369000,health
907,76,216579243347,1644451200,travel-and-outdoor
908,76,158235132541,1622991600,travel-and-outdoor
909,76,217042288327,1639918800,travel-and-outdoor
910,76,152147307693,1619560800,health
911,76,47974690591,1531227600,travel-and-outdoor
912,77,201827400187,1639094400,charity-and-causes
913,77,129600030179,1605711600,travel-and-outdoor
914,77,218030664587,1639920600,charity-and-causes
915,77,208113371697,1638457200,charity-and-causes
916,77,132282750267,1607536800,business
917,77,179157182957,1632697200,business
918,77,131979609565,1612540800,business
919,77,202677753617,1638637200,charity-and-causes
920,77,70975512669,1639404000,business
921,77,131694141723,1607364000,business
922,77,165317341619,1630760400,travel-and-outdoor
923,77,215937744607,1639929600,charity-and-causes
924,78,205896561157,1642878000,travel-and-outdoor
925,78,17626786192,1435834800,travel-and-outdoor
926,78,217052027457,1638111600,travel-and-outdoor
927,78,214953340227,1638309600,charity-and-causes
928,78,208260782607,1637967600,charity-and-causes
929,78,188521542007,1633737600,travel-and-outdoor
930,78,212225380827,1640127600,charity-and-causes
931,78,129735290747,1605798000,travel-and-outdoor
932,78,163534360675,1626537600,auto-boat-and-air
933,78,130488090391,1606316400,travel-and-outdoor
934,78,214285713337,1639436400,charity-and-causes
935,78,191513380677,1643846400,charity-and-causes
936,79,161160028985,1625004000,sports-and-fitness
937,79,202552980417,1638115200,spirituality
938,79,216253699637,1639931400,sports-and-fitness
939,79,135070484455,1609678800,spirituality
940,79,203993609377,1638651600,spirituality
941,79,198422084797,1635681600,sports-and-fitness
942,79,153747899105,1622926800,spirituality
943,79,207677959367,1638644400,spirituality
944,79,154105735403,1638720000,spirituality
945,79,194661897977,1637971200,auto-boat-and-air
946,79,212218841267,1640649600,auto-boat-and-air
947,79,208298625797,1639782000,sports-and-fitness
948,80,190642074577,1634596200,health
949,80,198315385657,1639526400,film-and-media
950,80,170358617210,1631838600,film-and-media
951,80,167751973669,1638318600,film-and-media
952,80,185378310517,1638626400,health
953,80,169335305457,1639270800,film-and-media
954,80,183951482837,1633788000,health
955,80,194811996927,1638579600,film-and-media
956,80,188945620437,1638234000,science-and-tech
957,80,186302735497,1638838800,film-and-media
958,80,203868465067,1638644400,science-and-tech
959,80,199356670167,1638453600,science-and-tech
960,81,209425636717,1638651600,spirituality
961,81,214243928357,1639845900,sports-and-fitness
962,81,202434054707,1636300800,spirituality
963,81,217144995527,1640820600,spirituality
964,81,202552980417,1638115200,spirituality
965,81,216314822457,1638111600,spirituality
966,81,183548668007,1638448200,spirituality
967,81,163443866003,1627236000,sports-and-fitness
968,81,212738766377,1638891000,auto-boat-and-air
969,81,165812901853,1631635200,spirituality
970,81,207956983937,1639324800,sports-and-fitness
971,81,202142873777,1638637200,sports-and-fitness
972,82,184110538577,1633694400,sports-and-fitness
973,82,158990022437,1625959800,film-and-media
974,82,208363058517,1637198940,sports-and-fitness
975,82,211222230377,1639175400,sports-and-fitness
976,82,205631458227,1638658800,charity-and-causes
977,82,119702442227,1601679600,sports-and-fitness
978,82,194822207467,1638036000,film-and-media
979,82,215961174687,1638745200,sports-and-fitness
980,82,179222859397,1641092400,film-and-media
981,82,91055293835,1580338800,sports-and-fitness
982,82,163879057673,1626904800,charity-and-causes
983,82,199435846987,1647093600,sports-and-fitness
984,83,211099934587,1639825200,travel-and-outdoor
985,83,200922754367,1638025200,travel-and-outdoor
986,83,133152427495,1638730800,travel-and-outdoor
987,83,134768126093,1611500400,auto-boat-and-air
988,83,165915189799,1638295200,science-and-tech
989,83,146677938663,1647207000,travel-and-outdoor
990,83,208521492397,1641924000,science-and-tech
991,83,193823660787,1654354800,travel-and-outdoor
992,83,192032864467,1638626400,science-and-tech
993,83,188945620437,1638234000,science-and-tech
994,83,166562594203,1639144800,science-and-tech
995,83,191999775497,1648728000,science-and-tech
996,84,192032844407,1638550800,science-and-tech
997,84,125041114339,1603029600,spirituality
998,84,216734317177,1638036000,spirituality
999,84,205744315787,1639929600,spirituality
1000,84,203507525487,1639180800,spirituality
1001,84,125048735133,1603035000,spirituality
1002,84,190019963827,1638226800,science-and-tech
1003,84,188945620437,1638234000,science-and-tech
1004,84,150730122855,1618704000,science-and-tech
1005,84,173855214627,1632520800,spirituality
1006,84,166750568439,1629644400,spirituality
1007,84,124899960143,1602459000,fashion
1008,85,192033797257,1638982800,science-and-tech
1009,85,190019793317,1638021600,science-and-tech
1010,85,196642923277,1635364800,science-and-tech
1011,85,217968990117,1638720000,charity-and-causes
1012,85,202677753617,1638637200,charity-and-causes
1013,85,29744591875,1486386000,science-and-tech
1014,85,186079567997,1639665000,charity-and-causes
1015,85,161116378425,1625149800,science-and-tech
1016,85,212008080877,1639004400,charity-and-causes
1017,85,217579144077,1639609200,science-and-tech
1018,85,185332623867,1657794600,auto-boat-and-air
1019,85,202052272787,1639846800,auto-boat-and-air
1020,86,159655693477,1624032000,food-and-drink
1021,86,144804529245,1615721400,spirituality
1022,86,209451604387,1639096200,spirituality
1023,86,188712603477,1636308000,food-and-drink
1024,86,89506709979,1579824000,food-and-drink
1025,86,164026290049,1639692000,food-and-drink
1026,86,190093563967,1638403200,spirituality
1027,86,154105735403,1638720000,spirituality
1028,86,210373822767,1651125600,travel-and-outdoor
1029,86,168791563109,1632585600,food-and-drink
1030,86,205744315787,1639929600,spirituality
1031,86,159854355681,1625783400,food-and-drink
1032,87,148632994287,1617483600,food-and-drink
1033,87,131979609565,1612540800,business
1034,87,151054278413,1638363600,business
1035,87,183548668007,1638448200,spirituality
1036,87,162187446017,1625614200,business
1037,87,193187257287,1639195200,food-and-drink
1038,87,215404339177,1639947600,spirituality
1039,87,114788270808,1596128400,business
1040,87,190085971257,1639177200,spirituality
1041,87,156941374877,1623708000,food-and-drink
1042,87,168145781559,1630512000,business
1043,87,212183625937,1638063000,spirituality
1044,88,213173697267,1638577800,film-and-media
1045,88,182147557247,1638925200,film-and-media
1046,88,169485091471,1631628000,health
1047,88,160589319979,1624579200,food-and-drink
1048,88,209160904897,1639011600,film-and-media
1049,88,168116022549,1634250600,food-and-drink
1050,88,192756017437,1635609600,health
1051,88,194588448287,1638313200,health
1052,88,165032429439,1627758000,food-and-drink
1053,88,166089930453,1628214300,film-and-media
1054,88,188656856737,1639616400,film-and-media
1055,88,163581712305,1640998800,food-and-drink
1056,89,214691105877,1640997000,charity-and-causes
1057,89,101252761736,1586469600,spirituality
1058,89,167564737641,1629588600,health
1059,89,207377921947,1637971200,spirituality
1060,89,193001020247,1638054000,spirituality
1061,89,208820737447,1638644400,spirituality
1062,89,162734660751,1639166400,health
1063,89,202552980417,1638115200,spirituality
1064,89,142897944599,1614812400,health
1065,89,192002463537,1665871200,spirituality
1066,89,205424709837,1650729600,spirituality
1067,89,212008080877,1639004400,charity-and-causes
1068,90,166750377869,1638486000,health
1069,90,198592695097,1638889200,science-and-tech
1070,90,195915016087,1636120800,health
1071,90,130488090391,1606316400,travel-and-outdoor
1072,90,205896561157,1642878000,travel-and-outdoor
1073,90,165425266425,1638536400,science-and-tech
1074,90,206027914037,1651575600,travel-and-outdoor
1075,90,199202489007,1639002600,science-and-tech
1076,90,111204293034,1593180000,travel-and-outdoor
1077,90,212178651057,1638115200,health
1078,90,167569142817,1629588600,health
1079,90,111012324852,1593093600,travel-and-outdoor
1080,91,161326765699,1627054200,business
1081,91,172188028027,1632597600,sports-and-fitness
1082,91,126670166879,1603753200,business
1083,91,215783122127,1639009800,sports-and-fitness
1084,91,114788270808,1596128400,business
1085,91,203987952457,1638036000,sports-and-fitness
1086,91,216253699637,1639931400,sports-and-fitness
1087,91,170526900550,1639747800,business
1088,91,121690338077,1600448400,business
1089,91,183932516107,1662899400,sports-and-fitness
1090,91,210772996707,1637974800,sports-and-fitness
1091,91,205072576597,1639089000,sports-and-fitness
1092,92,199435846987,1647093600,sports-and-fitness
1093,92,162194394801,1625788800,travel-and-outdoor
1094,92,216518180707,1648314900,travel-and-outdoor
1095,92,158235132541,1622991600,travel-and-outdoor
1096,92,158114403437,1622896200,sports-and-fitness
1097,92,206027914037,1651575600,travel-and-outdoor
1098,92,214270909057,1639238400,sports-and-fitness
1099,92,184110538577,1633694400,sports-and-fitness
1100,92,211715495747,1644678000,science-and-tech
1101,92,214288010207,1637938800,sports-and-fitness
1102,92,206709653137,1643994000,sports-and-fitness
1103,92,165619701987,1639576800,sports-and-fitness
1104,93,205893973417,1644760800,travel-and-outdoor
1105,93,182924501107,1639528200,film-and-media
1106,93,190093313217,1639350000,film-and-media
1107,93,195217088567,1637982000,film-and-media
1108,93,170365451652,1638025200,sports-and-fitness
1109,93,188297802797,1634256000,film-and-media
1110,93,166088177209,1628200800,film-and-media
1111,93,196038475357,1638068400,film-and-media
1112,93,163390119245,1626633000,sports-and-fitness
1113,93,216518180707,1648314900,travel-and-outdoor
1114,93,216579243347,1644451200,travel-and-outdoor
1115,93,213395530777,1639018800,film-and-media
1116,94,209824519787,1638028800,sports-and-fitness
1117,94,204069676897,1638108000,sports-and-fitness
1118,94,195117791567,1637956800,food-and-drink
1119,94,159924104301,1637712000,sports-and-fitness
1120,94,206709653137,1643994000,sports-and-fitness
1121,94,207345886127,1639009800,spirituality
1122,94,207242657367,1638295200,sports-and-fitness
1123,94,159611234499,1624050000,food-and-drink
1124,94,194028694047,1638576000,spirituality
1125,94,191148158287,1637985600,food-and-drink
1126,94,165851376933,1628028000,food-and-drink
1127,94,159835138201,1637452800,sports-and-fitness
1128,95,163067841303,1641747600,fashion
1129,95,187993803527,1638230400,charity-and-causes
1130,95,192621615437,1638639000,charity-and-causes
1131,95,207982710887,1639609200,charity-and-causes
1132,95,209545404947,1639177200,film-and-media
1133,95,203348098637,1638637200,charity-and-causes
1134,95,205392252757,1638122400,fashion
1135,95,186086268037,1640304000,film-and-media
1136,95,217311323017,1638118800,fashion
1137,95,217951788667,1642890600,charity-and-causes
1138,95,126682752523,1605195000,fashion
1139,95,198478302947,1636506000,film-and-media
1140,96,129018837817,1607097600,business
1141,96,120343626025,1601820000,spirituality
1142,96,114991183726,1596382200,spirituality
1143,96,193595799247,1650733200,science-and-tech
1144,96,92511200491,1580778000,business
1145,96,208601802607,1642437000,spirituality
1146,96,209451604387,1639096200,spirituality
1147,96,140244772891,1612634400,business
1148,96,209831781507,1639053000,spirituality
1149,96,162918721281,1638644400,science-and-tech
1150,96,126681733475,1604534400,spirituality
1151,96,145855689293,1618837200,business
1152,97,164442091723,1640307600,film-and-media
1153,97,194811996927,1638579600,film-and-media
1154,97,136512846599,1610901000,fashion
1155,97,211776518267,1638927000,film-and-media
1156,97,111300105612,1640714400,sports-and-fitness
1157,97,159924104301,1637712000,sports-and-fitness
1158,97,166697341235,1628999100,film-and-media
1159,97,162821251747,1627342200,film-and-media
1160,97,194758055587,1638234000,film-and-media
1161,97,213380144757,1638496800,film-and-media
1162,97,213372231087,1639265400,fashion
1163,97,215837745507,1639004400,film-and-media
1164,98,216022207237,1639780200,sports-and-fitness
1165,98,209524733117,1638644400,sports-and-fitness
1166,98,204138663237,1636675200,sports-and-fitness
1167,98,212225380827,1640127600,charity-and-causes
1168,98,202498256737,1638313200,charity-and-causes
1169,98,168403516451,1654430400,sports-and-fitness
1170,98,215219024897,1639335600,charity-and-causes
1171,98,86996403585,1657321200,sports-and-fitness
1172,98,161111339353,1656244800,sports-and-fitness
1173,98,205760494177,1639868400,science-and-tech
1174,98,186079567997,1639665000,charity-and-causes
1175,98,192033797257,1638982800,science-and-tech
1176,99,192032844407,1638550800,science-and-tech
1177,99,170462836934,1639710000,film-and-media
1178,99,214383164817,1638487800,film-and-media
1179,99,209392216757,1638052200,film-and-media
1180,99,209160904897,1639011600,film-and-media
1181,99,161570970121,1626134400,film-and-media
1182,99,210668764947,1638052200,film-and-media
1183,99,14814467471,1417981500,food-and-drink
1184,99,159611234499,1624050000,food-and-drink
1185,99,202899426647,1641427200,science-and-tech
1186,99,202132241977,1638565200,science-and-tech
1187,99,166562594203,1639144800,science-and-tech
1188,100,208363058517,1637198940,sports-and-fitness
1189,100,132681974357,1653739200,travel-and-outdoor
1190,100,215214661847,1638399600,sports-and-fitness
1191,100,161847830217,1646746200,sports-and-fitness
1192,100,170200768079,1638104400,sports-and-fitness
1193,100,157686250821,1622916000,travel-and-outdoor
1194,100,207437480087,1637935200,sports-and-fitness
1195,100,169705129611,1631367000,sports-and-fitness
1196,100,211103856317,1637953200,travel-and-outdoor
1197,100,194661897977,1637971200,auto-boat-and-air
1198,100,168403516451,1654430400,sports-and-fitness
1199,100,201895624247,1655510400,travel-and-outdoor
